protocol,i,ts_utc,payload_bytes,ack_ms,status
HTTPS-session,1,2026-10-06T13:06:51.811086+00:00,56,556.88,204
HTTPS-session,2,2026-10-06T13:06:53.038677+00:00,56,220.03,204
HTTPS-session,3,2026-10-06T13:06:54.286415+00:00,56,239.4,204
HTTPS-session,4,2026-10-06T13:06:55.493985+00:00,56,198.23,204
HTTPS-session,5,2026-10-06T13:06:56.710182+00:00,56,206.8,204
HTTPS-session,6,2026-10-06T13:06:57.919515+00:00,56,200.54,204
HTTPS-session,7,2026-10-06T13:06:59.173357+00:00,56,245.27,204
HTTPS-session,8,2026-10-06T13:07:00.413062+00:00,56,226.54,204
HTTPS-session,9,2026-10-06T13:07:01.626310+00:00,56,205.95,204
HTTPS-session,10,2026-10-06T13:07:02.850100+00:00,56,214.06,204
HTTPS-session,11,2026-10-06T13:07:04.049646+00:00,56,189.96,204
HTTPS-session,12,2026-10-06T13:07:05.259627+00:00,56,201.47,204
HTTPS-session,13,2026-10-06T13:07:06.464729+00:00,56,196.39,204
HTTPS-session,14,2026-10-06T13:07:07.790164+00:00,56,316.21,204
HTTPS-session,15,2026-10-06T13:07:09.007040+00:00,56,208.29,204
HTTPS-session,16,2026-10-06T13:07:10.231120+00:00,56,214.31,204
HTTPS-session,17,2026-10-06T13:07:11.458200+00:00,56,219.01,204
HTTPS-session,18,2026-10-06T13:07:12.682084+00:00,56,217.4,204
HTTPS-session,19,2026-10-06T13:07:13.885172+00:00,56,194.43,204
HTTPS-session,20,2026-10-06T13:07:15.089408+00:00,56,195.82,204
HTTPS-session,21,2026-10-06T13:07:16.299760+00:00,56,198.84,204
HTTPS-session,22,2026-10-06T13:07:17.523317+00:00,56,215.56,204
HTTPS-session,23,2026-10-06T13:07:18.741985+00:00,56,209.52,204
HTTPS-session,24,2026-10-06T13:07:19.957564+00:00,56,206.11,204
HTTPS-session,25,2026-10-06T13:07:21.185813+00:00,56,219.8,204
HTTPS-session,26,2026-10-06T13:07:22.409038+00:00,56,218.04,204
HTTPS-session,27,2026-10-06T13:07:23.617975+00:00,56,199.87,204
HTTPS-session,28,2026-10-06T13:07:24.850087+00:00,56,223.66,204
HTTPS-session,29,2026-10-06T13:07:26.059946+00:00,56,195.52,204
HTTPS-session,30,2026-10-06T13:07:27.266583+00:00,56,199.19,204
